CID10 CATEGORIA;Total_2021
Total;152999.0
Capítulo I: Algumas doencas Infecciosas e parasitárias (A00-B99);1180.0
A00:Colera;2.0
A02:Outras Infeccoes por Salmonella;1.0
A15:Tuberculose Respiratoria, com Confirmacao Bacteriologica e Histologica;284.0
A16:Tuberculose das Vias Respiratorias, sem Confirmacao Bacteriologica ou Histologica;91.0
A17:Tuberculose do Sistema Nervoso;2.0
A18:Tuberculose de Outros Orgaos;24.0
A19:Tuberculose Miliar;2.0
A23:Brucelose;6.0
A26:Erisipeloide;1.0
A27:Leptospirose;13.0
A30:Hanseniase [Doenca de Hansen] [Lepra];2.0
A35:Outros Tipos de Tetano;2.0
A46:Erisipela;17.0
A48:Outras Doencas Bacterianas Nao Classificadas em Outra Parte;2.0
A49:Infeccao Bacteriana de Local Nao Especificado;4.0
A66:Bouba;1.0
A90:Dengue [Dengue Classico];7.0
B00:Infeccoes Pelo Virus do Herpes [Herpes Simples];1.0
B15:Hepatite Aguda A;1.0
B16:Hepatite Aguda B;1.0
B17:Outras Hepatites Virais Agudas;2.0
B18:Hepatite Viral Cronica;8.0
B19:Hepatite Viral Nao Especificada;1.0
B20:Doenca Pelo Virus da Imunodeficiencia Humana [Hiv], Resultando em Doencas Infecciosas e Parasitarias;4.0
B22:Doenca Pelo Virus da Imunodeficiencia Humana [Hiv] Resultando em Outras Doencas Especificadas;1.0
B24:Doenca Pelo Virus da Imunodeficiencia Humana [Hiv] Nao Especificada;23.0
B34:Doencas por Virus, de Localizacao Nao Especificada;580.0
B35:Dermatofitose;4.0
B36:Outras Micoses Superficiais;2.0
B39:Histoplasmose;1.0
B41:Paracoccidioidomicose;20.0
B42:Esporotricose;2.0
B44:Aspergilose;1.0
B45:Criptococose;1.0
B46:Zigomicose;1.0
B51:Malaria por Plasmodium Vivax;3.0
B55:Leishmaniose;30.0
B57:Doenca de Chagas;1.0
B59:Pneumocistose;1.0
B82:Parasitose Intestinal Nao Especificada;1.0
B91:Sequelas de Poliomielite;2.0
B94:Sequelas de Outras Doencas Infecciosas e Parasitarias e das Nao Especificadas;3.0
B96:Outros Agentes Bacterianos, Como Causa de Doencas Classificadas em Outros Capitulos;1.0
B97:Virus Como Causa de Doencas Classificadas em Outros Capitulos;22.0
B99:Doencas Infecciosas, Outras e as Nao Especificadas;1.0
Capítulo II: Neoplasias [tumores] (C00-D48);273.0
C10:Neoplasia Maligna da Orofaringe;1.0
C16:Neoplasia Maligna do Estomago;18.0
C18:Neoplasia Maligna do Colon;4.0
C20:Neoplasia Maligna do Reto;1.0
C22 - Neoplasia maligna do fígado e das vias biliares intra-hepáticas;1.0
C23:Neoplasia Maligna da Vesicula Biliar;1.0
C25:Neoplasia Maligna do Pancreas;14.0
C26:Neoplasia Maligna de Outros Orgaos Digestivos e de Localizacoes Mal Definidas no Aparelho Digestivo;1.0
C30:Neoplasia Maligna da Cavidade Nasal e do Ouvido Medio;2.0
C31 - Neoplasia maligna dos seios da face;1.0
C32:Neoplasia Maligna da Laringe;5.0
C34:Neoplasia Maligna dos Bronquios e dos Pulmoes;24.0
C40:Neoplasia Maligna dos Ossos e Cartilagens Articulares dos Membros;3.0
C41:Neoplasia Maligna dos Ossos e das Cartilagens Articulares de Outras Localizacoes e de Localizacoes Nao Especificadas;1.0
C43:Melanoma Maligno da Pele;1.0
C44:Outras Neoplasias Malignas da Pele;108.0
C49:Neoplasia Maligna do Tecido Conjuntivo e de Outros Tecidos Moles;2.0
C50:Neoplasia Maligna da Mama;11.0
C53:Neoplasia Maligna do Colo do Utero;1.0
C54:Neoplasia Maligna do Corpo do Utero;1.0
C65:Neoplasia Maligna da Pelve Renal;1.0
C67:Neoplasia Maligna da Bexiga;7.0
C71:Neoplasia Maligna do Encefalo;2.0
C73:Neoplasia Maligna da Glandula Tireoide;2.0
C80:Neoplasia Maligna, sem Especificacao de Localizacao;1.0
C81:Doenca de Hodgkin;1.0
C91:Leucemia Linfoide;9.0
C92:Leucemia Mieloide;28.0
C94:Outras Leucemias de Celulas de Tipo Especificado;2.0
D15:Neoplasia Benigna de Outros Orgaos Intratoracicos e dos Nao Especificados;1.0
D16:Neoplasia Benigna de Osso e de Cartilagem Articular;1.0
D17:Neoplasia Lipomatosa Benigna;1.0
D25:Leiomioma do Utero;2.0
D32:Neoplasia Benigna das Meninges;1.0
D36:Neoplasia Benigna de Outras Localizacoes e de Localizacoes Nao Especificadas;3.0
D39 - Neoplasia de comportamento incerto ou desconhecido dos órgaos genitais femininos;1.0
D42:Neoplasia de Comportamento Incerto ou Desconhecido das Meninges;1.0
D43:Neoplasia de Comportamento Incerto ou Desconhecido do Encefalo e do Sistema Nervoso Central;1.0
D46:Sindromes Mielodisplasicas;6.0
D48:Neoplasia de Comportamento Incerto ou Desconhecido de Outras Localizacoes e de Localizacoes Nao Especificadas;1.0
Capítulo III: Doencas do sangue e dos órgaos hematopoéticos e alguns transtornos imunitários (D50-D89);16.0
D61:Outras Anemias Aplasticas;3.0
D62:Anemia Aguda Pos-Hemorragica;1.0
D64:Outras Anemias;2.0
D69:Purpura e Outras Afeccoes Hemorragicas;9.0
D73:Doencas do Baco;1.0
Capítulo IV: Doencas endócrinas, nutricionais e metabólicas (E00-E90);59.0
E03:Outros Hipotireoidismos;1.0
E10:Diabetes Mellitus Insulino-Dependente;25.0
E11:Diabetes Mellitus Nao-Insulino-Dependente;15.0
E14:Diabetes Mellitus Nao Especificado;16.0
E66:Obesidade;2.0
Capítulo V: Transtornos mentais e comportamentais (F00-F99);9531.0
F03:Demencia Nao Especificada;1.0
F06:Outros Transtornos Mentais Devidos a Lesao e Disfuncao Cerebral e a Doenca Fisica;19.0
F07:Transtornos de Personalidade e do ComportameNaoDevidos a Doenca, a Lesao e a Disfuncao Cerebral;3.0
F09:Transtorno Mental Organico ou Sintomatico Nao Especificado ;1.0
F10:Transtornos Mentais e Comportamentais Devidos ao Uso de Alcool;84.0
F11:Transtornos Mentais e Comportamentais Devidos ao Uso de Opiaceos;2.0
F12:Transtornos Mentais e Comportamentais Devidos ao Uso de Canabinoides;2.0
F13:Transtornos Mentais e Comportamentais Devidos ao Uso de Sedativos e Hipnoticos;2.0
F14:Transtornos Mentais e Comportamentais Devidos ao Uso da Cocaina;17.0
F18:Transtornos Mentais e Comportamentais Devidos ao Uso de Solventes Volateis;1.0
F19:Transtornos Mentais e Comportamentais Devidos ao Uso de Multiplas Drogas e ao Uso de Outras Substancias Psicoativas;43.0
F20:Esquizofrenia;22.0
F22:Transtornos Delirantes Persistentes;5.0
F23:Transtornos Psicoticos Agudos e Transitorios;18.0
F25:Transtornos Esquizoafetivos;7.0
F29:Psicose Nao-Organica Nao Especificada;29.0
F30:Episodio Maniaco;3.0
F31:Transtorno Afetivo Bipolar;323.0
F32:Episodios Depressivos;2356.0
F33:Transtorno Depressivo Recorrente;754.0
F34:Transtornos de Humor [Afetivos] Persistentes;21.0
F38:Outros Transtornos do Humor [Afetivos];4.0
F39:Transtorno do Humor [Afetivo] Nao Especificado;26.0
F40:Transtornos Fobico-Ansiosos;68.0
F41:Outros Transtornos Ansiosos;3303.0
F42:Transtorno Obsessivo-Compulsivo;29.0
F43:Reacoes ao  Stress  Grave e Transtornos de Adaptacao;2355.0
F44:Transtornos Dissociativos [De Conversao];14.0
F45:Transtornos Somatoformes;4.0
F48:Outros Transtornos Neuroticos;4.0
F50:Transtornos da Alimentacao;1.0
F60:Transtornos Especificos da Personalidade;4.0
F63:Transtornos dos Habitos e dos Impulsos;1.0
F70:Retardo Mental Leve;2.0
F71:Retardo Mental Moderado;1.0
F82:Transtorno Especifico do Desenvolvimento Motor;1.0
F90:Transtornos Hipercineticos;1.0
Capítulo VI: Doencas do sistema nervoso (G00-G99);3692.0
G07:Abscesso e Granuloma Intracranianos e Intraspinais em Doencas Classificadas em Outra Parte;1.0
G09:Sequelas de Doencas Inflamatorias do Sistema Nervoso Central;1.0
G37:Outras Doencas Desmielinizantes do Sistema Nervoso Central;1.0
G40:Epilepsia;19.0
G45:Acidentes Vasculares Cerebrais Isquemicos Transitorios e Sindromes Correlatas;4.0
G46:Sindromes Vasculares Cerebrais Que Ocorrem em Doencas Cerebrovasculares (I60-I67+);2.0
G47:Disturbios do Sono;5.0
G50:Transtornos do Nervo Trigemeo;5.0
G51:Transtornos do Nervo Facial;6.0
G52:Transtornos de Outros Nervos Cranianos;3.0
G53:Transtornos dos Nervos Cranianos em Doencas Classificadas em Outra Parte;2.0
G54:Transtornos das Raizes e dos Plexos Nervosos;75.0
G55:Compressoes das Raizes e dos Plexos Nervosos em Doencas Classificadas em Outra Parte;26.0
G56:Mononeuropatias dos Membros Superiores;3406.0
G57:Mononeuropatias dos Membros Inferiores;49.0
G58:Outras Mononeuropatias;7.0
G59:Mononeuropatias em Doencas Classificadas em Outra Parte;1.0
G60:Neuropatia Hereditaria e Idiopatica;2.0
G61:Polineuropatia Inflamatoria;3.0
G62:Outras Polineuropatias;5.0
G63:Polineuropatia em Doencas Classificadas em Outra Parte;2.0
G64:Outros Transtornos do Sistema Nervoso Periferico;2.0
G71:Transtornos Primarios dos Musculos;4.0
G81:Hemiplegia;4.0
G82:Paraplegia e Tetraplegia;34.0
G83:Outras Sindromes Paraliticas;10.0
G91:Hidrocefalia;1.0
G93:Outros Transtornos do Encefalo;4.0
G95:Outras Doencas da Medula Espinal;1.0
G96:Outros Transtornos do Sistema Nervoso Central;1.0
G98:Outras Transtornos do Sistema Nervoso Nao Classificados  em Outra Parte;1.0
G99:Outros Transtornos do Sistema Nervoso em Doencas Classificadas em Outra Parte;5.0
Capítulo VII: Doencas do olho e anexos (H00-H59);425.0
H02:Outros Transtornos da Palpebra;1.0
H04:Transtornos do Aparelho Lacrimal;1.0
H05:Transtornos da Orbita;9.0
H10:Conjuntivite;10.0
H11:Outros Transtornos da Conjuntiva;7.0
H16:Ceratite;87.0
H17:Cicatrizes e Opacidades da Cornea;11.0
H18:Outros Transtornos da Cornea;8.0
H20:Iridociclite;1.0
H21:Outros Transtornos da Iris e do Corpo Ciliar;4.0
H22:Transtornos da Iris e do Corpo Ciliar em Doencas Classificadas em Outra Parte;3.0
H26:Outras Cataratas;12.0
H27:Outros Transtornos do Cristalino;8.0
H28:Catarata e Outros Transtornos do Cristalino em Doencas Classificadas em Outra Parte;6.0
H30:Inflamacao Coriorretiniana;4.0
H31:Outros Transtornos da Coroide;1.0
H33:Descolamentos e Defeitos da Retina;42.0
H35:Outros Transtornos da Retina;7.0
H36:Transtornos da Retina em Doencas Classificadas em Outra Parte;3.0
H40:Glaucoma;2.0
H43:Transtornos do Humor Vitreo;7.0
H44:Transtornos do Globo Ocular;18.0
H45:Transtornos do Humor Vitreo e do Globo Ocular em Doencas Classificadas em Outra Parte;6.0
H46:Neurite Optica;2.0
H47:Outros Transtornos do Nervo Optico e das Vias Opticas;3.0
H49:Estrabismo Paralitico;2.0
H51:Outros Transtornos do Movimento Binocular;1.0
H53:Disturbios Visuais;13.0
H54:Cegueira e Visao Subnormal;137.0
H57:Outros Transtornos do Olho e Anexos;6.0
H59:Transtornos do Olho e Anexos Pos-Procedimento Nao Classificados em Outra Parte;3.0
Capítulo VIII: Doencas do ouvido e da apófise mastóide (H60-H95);46.0
H60:Otite Externa;1.0
H61:Outros Transtornos do Ouvido Externo;2.0
H62:Transtornos do Ouvido Externo em Doencas Classificadas em Outra Parte;1.0
H65:Otite Media Nao-Supurativa;1.0
H66:Otite Media Supurativa e as Nao Especificadas;1.0
H70:Mastoidite e Afeccoes Correlatas;2.0
H81:Transtornos da Funcao Vestibular;6.0
H82:Sindromes Vertiginosas em Doencas Classificadas em Outra Parte;1.0
H83:Outros Transtornos do Ouvido Interno;3.0
H90:Perda de Audicao por Transtorno de Conducao e/ou Neuro-Sensorial;25.0
H92:Otalgia e Secrecao Auditiva;2.0
H93:Outros Transtornos do Ouvido Nao Classificados em Outra Parte;1.0
Capítulo IX: Doencas do aparelho circulatório (I00-I99);967.0
I10:Hipertensao Essencial (Primaria);67.0
I11:Doenca Cardiaca Hipertensiva;2.0
I15:Hipertensao Secundaria;1.0
I20:Angina Pectoris;21.0
I21:Infarto Agudo do Miocardio;157.0
I24:Outras Doencas Isquemicas Agudas do Coracao ;2.0
I25:Doenca Isquemica Cronica do Coracao ;23.0
I26:Embolia Pulmonar;3.0
I30:Pericardite Aguda;2.0
I31:Outras Doencas do Pericardio;2.0
I34:Transtornos Nao-Reumaticos da Valva Mitral;2.0
I35:Transtornos Nao-Reumaticos da Valva Aortica;2.0
I38:Endocardite de Valva Nao Especificada;1.0
I40:Miocardite Aguda;2.0
I42:Cardiomiopatias;14.0
I44:Bloqueio Atrioventricular e do Ramo Esquerdo;2.0
I45:Outros Transtornos de Conducao;3.0
I47:Taquicardia Paroxistica;1.0
I48: Flutter  e Fibrilacao Atrial;4.0
I49:Outras Arritmias Cardiacas;20.0
I50:Insuficiencia Cardiaca;38.0
I51:Complicacoes de Cardiopatias e Doencas Cardiacas Mal Definidas;3.0
I60:Hemorragia Subaracnoide;7.0
I61:Hemorragia Intracerebral;13.0
I62:Outras Hemorragias Intracranianas Nao-Traumaticas;1.0
I63:Infarto Cerebral;10.0
I64:Acidente Vascular Cerebral, Nao Especificado Como Hemorragico ou Isquemico;69.0
I65:Oclusao e Estenose de Arterias Pre-Cerebrais Que NaoResultam em Infarto Cerebral;3.0
I67:Outras Doencas Cerebrovasculares;6.0
I69:Sequelas de Doencas Cerebrovasculares;19.0
I70:Aterosclerose;4.0
I71:Aneurisma e Disseccao da Aorta;1.0
I72:Outros Aneurismas;3.0
I73:Outras Doencas Vasculares Perifericas;10.0
I74:Embolia e Trombose Arteriais;4.0
I77:Outras Afeccoes das Arterias e Arteriolas;3.0
I79:Transtornos das Arterias, das Arteriolas e dos Capilares em Doencas Classificadas em Outra Parte;1.0
I80:Flebite e Tromboflebite;37.0
I82:Outra Embolia e Trombose Venosas;82.0
I83:Varizes dos Membros Inferiores;239.0
I84:Hemorroidas;51.0
I86:Varizes de Outras Localizacoes;8.0
I87:Outras Transtornos das Veias;18.0
I88:Linfadenite Inespecifica;1.0
I89:Outros Transtornos Nao-Infecciosos dos Vasos Linfaticos e dos Ganglios Linfaticos;4.0
I99:Outros Transtornos do Aparelho Circulatorio e Os Nao Especificados;1.0
Capítulo X: Doencas do aparelho respiratório (J00-J99);328.0
J04:Laringite e Traqueite Agudas;1.0
J06:Infeccoes Agudas das Vias Aereas Superiores de Localizacoes Multiplas e Nao Especificadas;6.0
J11:Influenza [Gripe] Devida a Virus Nao Identificado;8.0
J12:Pneumonia Viral Nao Classificada em Outra Parte;6.0
J18:Pneumonia por Microorganismo Nao Especificada;5.0
J20:Bronquite Aguda;1.0
J22:Infeccoes Agudas Nao Especificada das Vias Aereas Inferiores;2.0
J30:Rinite Alergica e Vasomotora;1.0
J32:Sinusite Cronica;1.0
J34:Outros Transtornos do Nariz e dos Seios Paranasais;1.0
J37:Laringite e Laringotraqueite Cronicas;1.0
J38:Doencas das Cordas Vocais e da Laringe Nao Classificadas em Outra Parte;19.0
J43:Enfisema;5.0
J44:Outras Doencas Pulmonares Obstrutivas Cronicas;49.0
J45:Asma;110.0
J46:Estado de Mal Asmatico;1.0
J47:Bronquectasia;2.0
J60:Pneumoconiose dos Mineiros de Carvao;1.0
J62:Pneumoconiose Devida a Poeira Que Contenham Silica;32.0
J63:Pneumoconiose Devida a Outras Poeiras Inorganicas;3.0
J64:Pneumoconiose Nao Especificada;4.0
J67:Pneumonite de Hipersensibilidade Devida a Poeiras Organicas;12.0
J68:Afeccoes Respiratorias Devidas a Inalacao de Produtos Quimicos, Gases, Fumacas e Vapores;8.0
J70:Afeccoes Respiratorias Devida a Outros Agentes Externos;2.0
J82:Eosinofilia Pulmonar, Nao Classificada em Outra Parte;2.0
J84:Outras Doencas Pulmonares Intersticiais;5.0
J90:Derrame Pleural Nao Classificado em Outra Parte;6.0
J93:Pneumotorax;23.0
J94:Outras Afeccoes Pleurais;6.0
J96:Insuficiencia Respiratoria Nao Classificada de Outra Parte;3.0
J98:Outros Transtornos Respiratorios;2.0
Capítulo XI: Doencas do aparelho digestivo (K00-K93);1273.0
K07:Anomalias Dentofaciais (Inclusive a Maloclusao);1.0
K10:Outras Doencas dos Maxilares;1.0
K13:Outras Doencas do Labio e da Mucosa Oral;1.0
K20:Esofagite;1.0
K22:Outras Doencas do Esofago;3.0
K25:Ulcera Gastrica;1.0
K29:Gastrite e Duodenite;1.0
K35:Apendicite Aguda;48.0
K36:Outras Formas de Apendicite;1.0
K37:Apendicite, sem Outras Especificacoes;1.0
K40:Hernia Inguinal;822.0
K41:Hernia Femoral;8.0
K42:Hernia Umbilical;233.0
K43:Hernia Ventral;58.0
K44:Hernia Diafragmatica;6.0
K45:Outras Hernias Abdominais;8.0
K46:Hernia Abdominal Nao Especificada;48.0
K57:Doenca Diverticular do Intestino;2.0
K60:Fissura e Fistula das Regioes Anal e Retal;3.0
K62:Outras Doencas do Reto e do Anus;2.0
K63:Outras Doencas do Intestino;6.0
K65:Peritonite;2.0
K66:Outros Transtornos do Peritonio;3.0
K71:Doenca Hepatica Toxica;4.0
K74:Fibrose e Cirrose Hepaticas;1.0
K76:Outras Doencas do Figado;2.0
K80:Colelitiase;4.0
K81:Colecistite;1.0
K85:Pancreatite Aguda;1.0
Capítulo XII: Doencas da pele e do tecido subcutâneo(L00-L99);292.0
L02:Abscesso Cutaneo, Furunculo e Antraz;33.0
L03:Celulite (Flegmao);18.0
L08:Outras Infeccoes Localizadas da Pele e do Tecido Subcutaneo;29.0
L10:Penfigo;1.0
L13:Outras Afeccoes Bolhosas;1.0
L20:Dermatite Atopica;1.0
L23:Dermatites Alergicas de Contato;42.0
L24:Dermatites de Contato por Irritantes;16.0
L25:Dermatite de Contato Nao Especificada;21.0
L28:Liquen Simples Cronico e Prurigo;1.0
L30:Outras Dermatites;4.0
L40:Psoriase;1.0
L50:Urticaria;6.0
L51:Eritema Polimorfo (Eritema Multiforme);1.0
L55:Queimadura Solar;2.0
L56:Outras Alteracoes Agudas da Pele Devidas a Radiacao Ultravioleta;4.0
L57:Alteracoes da Pele Devidas a Exposicao Cronica a Radiacao NaoIonizante;10.0
L59:Outras Afeccoes da Pele e do Tecido Subcutaneo Relacionadas com a Radiacao;2.0
L60:Afeccoes das Unhas;11.0
L70:Acne;1.0
L72:Cistos Foliculares da Pele e do Tecido Subcutaneo;1.0
L73:Outras Afeccoes Foliculares;2.0
L84:Calos e Calosidades;5.0
L85:Outras Formas de Espessamento Epidermico;1.0
L88:Piodermite Gangrenosa;1.0
L90:Afeccoes Atroficas da Pele;3.0
L91:Afeccoes Hipertroficas da Pele;4.0
L92:Afeccoes Granulomatosas da Pele e do Tecido Subcutaneo;3.0
L93:Lupus Eritematoso;1.0
L97:Ulcera dos Membros Inferiores Nao Classificada  em Outra Parte;27.0
L98:Outras Afeccoes da Pele e do Tecido Subcutaneo Nao Classificadas em Outra Parte;34.0
L99:Outras Afeccoes da Pele e do Tecido Subcutaneo em Doencas Classificadas em Outra Parte;5.0
Capítulo XIII: Doencas do sistema osteomuscular e do tecido conjuntivo (M00-M99);31431.0
M00:Artrite Piogenica;12.0
M01:Infeccoes Diretas da Articulacao em Doencas Infecciosas e Parasitarias Classificadas em Outra Parte;2.0
M02:Artropatias Reacionais;1.0
M05:Artrite Reumatoide Soro-Positiva;23.0
M06:Outras Artrites Reumatoides;12.0
M07:Artropatias Psoriasicas e Enteropaticas;3.0
M08:Artrite Juvenil;1.0
M10:Gota;2.0
M12:Outras Artropatias Especificadas;11.0
M13:Outras Artrites;8.0
M14:Artropatias em Outras Doencas Classificadas em Outra Parte;4.0
M15:Poliartrose;14.0
M16:Coxartrose [Artrose do Quadril];167.0
M17:Gonartrose [Artrose do Joelho];269.0
M18:Artrose da Primeira Articulacao Carpometacarpiana;15.0
M19:Outras Artroses;180.0
M20:Deformidades Adquiridas dos Dedos das Maos e dos Pes;108.0
M21:Outras Deformidades Adquiridas dos Membros;32.0
M22:Transtornos da Rotula [Patela];120.0
M23:Transtornos Internos dos Joelhos;1814.0
M24:Outras Transtornos Articulares Especificos;56.0
M25:Outros Transtornos Articulares Nao Classificados em Outra Parte;1069.0
M31:Outras Vasculopatias Necrotizantes;1.0
M33:Dermatopoliomiosite;1.0
M35:Outras Afeccoes Sistemicas do Tecido Conjuntivo;2.0
M40:Cifose e Lordose;1.0
M41:Escoliose;8.0
M42:Osteocondrose da Coluna Vertebral;1.0
M43:Outras Dorsopatias Deformantes;30.0
M45:Espondilite Ancilosante;4.0
M46:Outras Espondilopatias Inflamatorias;16.0
M47:Espondilose;50.0
M48:Outras Espondilopatias;20.0
M49:Espondilopatias em Doencas Classificadas em Outra Parte;4.0
M50:Transtornos dos Discos Cervicais;275.0
M51:Outros Transtornos de Discos Intervertebrais;2605.0
M53:Outras Dorsopatias Nao Classificadas em Outra Parte;159.0
M54:Dorsalgia;10384.0
M60:Miosite;1.0
M61:Calcificacao e Ossificacao do Musculo;3.0
M62:Outros Transtornos Musculares;126.0
M63:Transtornos de Musculo em Doencas Classificadas em Outra Parte;4.0
M65:Sinovite e Tenossinovite;2692.0
M66:Ruptura Espontanea de Sinovia e de Tendao;95.0
M67:Outros Transtornos das Sinovias e dos Tendoes;51.0
M68:Transtorno de Sinovias e de Tendoes em Doencas Classificadas em Outra Parte;14.0
M70:Transtornos dos Tecidos Moles Relacionados com O Uso, Uso Excessivo e Pressao;137.0
M71:Outras Bursopatias;69.0
M72:Transtornos Fibroblasticos;80.0
M75:Lesoes  do Ombro;8843.0
M76:Entesopatias dos Membros Inferiores, Excluindo Pe;71.0
M77:Outras Entesopatias;1129.0
M79:Outros Transtornos dos Tecidos Moles, Nao Classificados  em Outra Parte;216.0
M80:Osteoporose com Fratura Patologica;1.0
M83:Osteomalacia do Adulto;1.0
M84:Transtornos da Continuidade do Osso;175.0
M85:Outros Transtornos da Densidade e da Estrutura Osseas;1.0
M86:Osteomielite;90.0
M87:Osteonecrose;34.0
M88:Doenca de Paget do Osso (Osteite Deformante);1.0
M89:Outros Transtornos Osseos;19.0
M93:Outras Osteocondropatias;15.0
M94:Outros Transtornos das Cartilagens;9.0
M95:Outras Deformidades Adquiridas do Sistema Osteomuscular e do Tecido Conjuntivo;5.0
M96:Transtornos Osteomusculares Pos-Procedimentos Nao Classificados  em Outra Parte;25.0
M99:Lesoes  Biomecanicas Nao Classificadas em Outra Parte;40.0
Capítulo XIV: Doencas do aparelho geniturinário (N00-N99);140.0
N17:Insuficiencia Renal Aguda;4.0
N18:Insuficiencia Renal Cronica;89.0
N19:Insuficiencia Renal Nao Especificada;1.0
N20:Calculose do Rim e do Ureter;3.0
N32:Outros Transtornos da Bexiga;1.0
N35:Estenose da Uretra;12.0
N36:Outros Transtornos da Uretra;1.0
N43:Hidrocele e Espermatocele;5.0
N44:Torcao do Testiculo;3.0
N45:Orquite e Epididimite;4.0
N48:Outros Transtornos do Penis;1.0
N49:Transtornos Inflamatorios de Orgaos Genitais Masculinos, Nao Classificados  em Outra Parte;2.0
N51:Transtornos dos Orgaos Genitais Masculinos em Doencas Classificadas em Outra Parte;7.0
N61:Transtornos Inflamatorios da Mama;1.0
N62:Hipertrofia da Mama;1.0
N63:Nodulo Mamario Nao Especificado;1.0
N74:Transtornos Inflamatorios da Pelve Feminina em Doencas Classificadas em Outra Parte;1.0
N80:Endometriose;1.0
N81:Prolapso Genital Feminino;1.0
N93:Outros Sangramentos Anormais do Utero e da Vagina;1.0
Capítulo XV: Gravidez, parto e puerpério (O00-O99);13.0
O00:Gravidez Ectopica;2.0
O03:Aborto Espontaneo;2.0
O10:Hipertensao Pre-Existente Complicacano a Gravidez, O Parto e O Puerperio;1.0
O16:Hipertensao Materna Nao Especificada;1.0
O20:Hemorragia do Inicio da Gravidez;3.0
O44:Placenta Previa;2.0
O47:Falso Trabalho de Parto;1.0
O99:Outras Doencas da Mae, Classificadas em Outra Parte, Mas Que Complicam a Gravidez O Parto e O Puerperio;1.0
Capítulo XVI: Algumas afeccoes originadas no período perinatal (P00-P96);10.0
P13:Lesoes  do Esqueleto Devidas a Traumatismo de Parto;9.0
P14:Lesoes  ao Nascer do Sistema Nervoso Periferico;1.0
Capítulo XVII: Malformacoes congênitas, deformidades e anomalias cromossômicas (Q00-Q99);1.0
Q70:Sindactilia;1.0
Capítulo XVIII: Sintomas, sinais e achados anormais de exames clínicos e de laboratório, Nao Classificados  em outra parte (R00-R99);163.0
R02:Gangrena Nao Classificada  em Outra Parte;4.0
R07:Dor de Garganta e no Peito;8.0
R10:Dor Abdominal e Pelvica;45.0
R22:Tumefacao, Massa ou Tumoracao Localizadas da Pele e do Tecido Subcutaneo;3.0
R29:Outros Sintomas e Sinais Relativos Aos Sistemas Nervoso e Osteomuscular;1.0
R41:Outros Sintomas e Sinais Relativos a Funcao Cognitiva e a Consciencia;3.0
R42:Tontura e Instabilidade;5.0
R45:Sintomas e Sinais Relativos ao Estado Emocional;1.0
R47:Disturbios da Fala Nao Classificados  em Outra Parte;1.0
R49:Disturbios da Voz;30.0
R51:Cefaleia;2.0
R52:Dor Nao Classificada  em Outra Parte;42.0
R55:Sincope e Colapso;10.0
R56:Convulsoes, Nao Classificadas em Outra Parte;1.0
R57:Choque Nao Classificado em Outra Parte;1.0
R60:Edema Nao Classificado em Outra Parte;2.0
R68:Outros Sintomas e Sinais Gerais;1.0
R69:Causas Desconhecidas e Nao Especificadas de Morbidade;3.0
Capítulo XIX: Lesoes , envenenamento e algumas outras conseqüências de causas externas (S00-T98);98502.0
S00:Traumatismo Superficial da Cabeca;41.0
S01:Ferimento da Cabeca;78.0
S02:Fratura do Crânio e dos Ossos da Face;591.0
S03:Luxacao, Entorse ou Distensao das Articulacoes e dos Ligamentos da Cabeca;15.0
S04:Traumatismo dos Nervos Cranianos;9.0
S05:Traumatismo do Olho e da Orbita Ocular;430.0
S06:Traumatismo Intracraniano;966.0
S07:Lesoes  por Esmagamento da Cabeca;3.0
S08:Amputacao Traumatica de Parte da Cabeca;1.0
S09:Outros Traumatismos da Cabeca e Os Nao Especificados;103.0
S10:Traumatismo Superficial do Pescoco;6.0
S11:Ferimento do Pescoco;10.0
S12:Fratura do Pescoco;303.0
S13:Luxacao, Entorse ou Distensao das Articulacoes e dos Ligamentos do Pescoco;19.0
S14:Traumatismo de Nervos e da Medula Espinhal ao Nivel Cervical;134.0
S15:Traumatismo dos Vasos Sanguineos ao Nivel do Pescoco;4.0
S16:Traumatismo de Tendoes e de Musculos do Pescoco;2.0
S17:Lesoes  por Esmagamento do Pescoco;1.0
S19:Outros Traumatismos do Pescoco e Os Nao Especificados;6.0
S20:Traumatismo Superficial do Torax;164.0
S21:Ferimento do Torax;31.0
S22:Fratura de Costela(s), Esterno e Coluna Toracica;1547.0
S23:Luxacao, Entorse e Distensao de Articulacoes e dos Ligamentos do Torax;12.0
S24:Traumatismos de Nervos e da Medula Espinhal ao Nivel do Torax;9.0
S25:Traumatismo de Vasos Sanguineos do Torax;4.0
S26:Traumatismo do Coracao ;2.0
S27:Traumatismo de Outros Orgaos Intratoracicos e dos Nao Especificados;77.0
S28:Lesao por Esmagamento do Torax e Amputacao Traumatica de Parte do Torax;1.0
S29:Outros Traumatismos do Torax e Os Nao Especificados;27.0
S30:Traumatismo Superficial do Abdome, do Dorso e da Pelve;109.0
S31:Ferimento  do Abdome, do Dorso e da Pelve;68.0
S32:Fratura da Coluna Lombar e da Pelve;2288.0
S33:Luxacao, Entorse ou Distensao das Articulacoes e dos Ligamentos da Coluna Lombar e da Pelve;172.0
S34:Traumatismo dos Nervos e da Medula Lombar ao Nivel do Abdome, do Dorso e da Pelve;17.0
S35:Traumatismo de Vasos Sanguineos ao Nivel do Abdome, do Dorso e da Pelve;2.0
S36:Traumatismo de Orgaos Intra-Abdominais;196.0
S37:Traumatismo do Aparelho Urinario e de Orgaos Pelvicos;49.0
S38:Lesao por Esmagamento e Amputacao Traumatica de Parte do Abdome, do Dorso e da Pelve;5.0
S39:Outros Traumatismos e Os Nao Especificados do Abdome, do Dorso e da Pelve;29.0
S40:Traumatismo Superficial do Ombro e do Braco;295.0
S41:Ferimento do Ombro e do Braco;58.0
S42:Fratura do Ombro e do Braco;6406.0
S43:Luxacao, Entorse e Distensao das Articulacoes e dos Ligamentos da Cintura Escapular;1979.0
S44:Traumatismo de Nervos ao Nivel do Ombro e do Braco;34.0
S45:Traumatismo dos Vasos Sanguineos ao Nivel do Ombro e do Braco;14.0
S46:Traumatismo de Tendao e Musculo ao Nivel do Ombro e do Braco;442.0
S47:Lesao por Esmagamento do Ombro e do Braco;3.0
S48:Amputacao Traumatica do Ombro e do Braco;45.0
S49:Outros Traumatismos e Os Nao Especificados do Ombro e do Braco;25.0
S50:Traumatismo Superficial do Cotovelo e do Antebraco;213.0
S51:Ferimento do Antebraco;189.0
S52:Fratura do Antebraco;9661.0
S53:Luxacao, Entorse e Distensao das Articulacoes e dos Ligamentos do Cotovelo;292.0
S54:Traumatismo de Nervos ao Nivel do Antebraco;39.0
S55:Traumatismo de Vasos Sanguineos ao Nivel do Antebraco;9.0
S56:Traumatismo do Musculo e Tendao ao Nivel do Antebraco;141.0
S57:Lesao por Esmagamento do Antebraco;18.0
S58:Amputacao Traumatica do Cotovelo e do Antebraco;41.0
S59:Outros Traumatismos do Antebraco e Os Nao Especificados;37.0
S60:Traumatismo Superficial do Punho e da Mao;1052.0
S61:Ferimento do Punho e da Mao;3176.0
S62:Fratura ao Nivel do Punho e da Mao;17311.0
S63:Luxacao, Entorse e Distensao das Articulacoes e dos Ligamentos ao Nivel do Punho e da Mao;785.0
S64:Traumatismo de Nervos ao Nivel do Punho e da Mao;146.0
S65:Traumatismo de Vasos Sanguineos ao Nivel do Punho e da Mao;20.0
S66:Traumatismo de Musculo e Tendao ao Nivel do Punho e da Mao;2030.0
S67:Lesao por Esmagamento do Punho e da Mao;412.0
S68:Amputacao Traumatica ao Nivel do Punho e da Mao;4006.0
S69:Outros Traumatismos e Os Nao Especificados do Punho e da Mao;172.0
S70:Traumatismo Superficial do Quadril e da Coxa;124.0
S71:Ferimento do Quadril e da Coxa;93.0
S72:Fratura do Femur;2380.0
S73:Luxacao, Entorse e Distensao da Articulacao e dos Ligamentos do Quadril;67.0
S74:Traumatismo de Nervos ao Nivel do Quadril e da Coxa;4.0
S75:Traumatismo de Vasos Sanguineos ao Nivel do Quadril e da Coxa;5.0
S76:Traumatismo de Musculo e de Tendao ao Nivel do Quadril e da Coxa;122.0
S77:Lesao por Esmagamento do Quadril e da Coxa;9.0
S78:Amputacao Traumatica do Quadril e da Coxa;45.0
S79:Outros Traumatismos e Os Nao Especificados do Quadril e da Coxa;23.0
S80:Traumatismo Superficial da Perna;875.0
S81:Ferimento da Perna;505.0
S82:Fratura da Perna, Incluindo Tornozelo;13564.0
S83:Luxacao, Entorse e Distensao das Articulacoes e dos Ligamentos do Joelho;2872.0
S84:Traumatismo de Nervos Perifericos da Perna;12.0
S85:Traumatismo de Vasos Sanguineos da Perna;14.0
S86:Traumatismos de Musculo e de Tendao ao Nivel da Perna;468.0
S87:Traumatismo por Esmagamento da Perna;17.0
S88:Amputacao Traumatica da Perna;131.0
S89:Outros Traumatismos e Os Nao Especificados da Perna;34.0
S90:Traumatismo Superficial do Tornozelo e do Pe;791.0
S91:Ferimentos do Tornozelo e do Pe;591.0
S92:Fratura do Pe (Exceto do Tornozelo);10124.0
S93:Luxacao, Entorse e Distensao das Articulacoes e dos Ligamentos ao Nivel do Tornozelo e do Pe;3498.0
S94:Traumatismo dos Nervos ao Nivel do Tornozelo e do Pe;27.0
S95:Traumatismo de Vasos Sanguineos ao Nivel do Tornozelo e do Pe;4.0
S96:Traumatismos do Musculo e Tendao ao Nivel do Tornozelo e do Pe;149.0
S97:Lesao por Esmagamento do Tornozelo e do Pe;84.0
S98:Amputacao Traumatica do Tornozelo e do Pe;286.0
S99:Outros Traumatismos e Os Nao Especificados do Tornozelo e do Pe;70.0
T00:Traumatismos Superficiais Envolvendo Multiplas Regioes do Corpo;54.0
T01:Ferimentos Envolvendo Multiplas Regioes do Corpo;70.0
T02:Fraturas Envolvendo Multiplas Regioes do Corpo;180.0
T03:Luxacoes, Entorses e Distensoes Envolvendo Regioes Multiplas do Corpo;4.0
T04:Traumatismos por Esmagamento Envolvendo Multiplas Regioes do Corpo;16.0
T05:Amputacoes Traumaticas Envolvendo Multiplas Regioes do Corpo;6.0
T06:Outros Traumatismos Envolvendo Regioes Multiplas do Corpo, Nao Classificados  em Outra Parte;24.0
T07:Traumatismos Multiplos Nao Especificados;683.0
T08:Fratura da Coluna, Nivel Nao Especificado;109.0
T09:Outros Traumatismos de Coluna e Tronco, Nivel Nao Especificado ;114.0
T10:Fratura do Membro Superior, Nivel Nao Especificado ;42.0
T11:Outros Traumatismos de Membro Superior, Nivel Nao Especificado ;118.0
T12:Fratura do Membro Inferior, Nivel Nao Especificado ;34.0
T13:Outros Traumatismos de Membro Inferior, Nivel Nao Especificado ;161.0
T14:Traumatismo de Regiao Nao Especificada do Corpo;331.0
T15:Corpo Estranho na Parte Externa do Olho;16.0
T17:Corpo Estranho no Trato Respiratorio;1.0
T20:Queimadura e Corrosao da Cabeca e Pescoco;48.0
T21:Queimadura e Corrosao do Tronco;57.0
T22:Queimadura e Corrosao do Ombro e Membro Superior, Exceto Punho e Mao;106.0
T23:Queimadura e Corrosao do Punho e da Mao;244.0
T24:Queimadura e Corrosao do Quadril e Membro Inferior, Exceto Tornozelo e do Pe;78.0
T25:Queimadura e Corrosao do Tornozelo e do Pe;245.0
T26:Queimadura e Corrosao Limitadas ao Olho e Seus Anexos;44.0
T27:Queimadura e Corrosao do Trato Respiratorio;2.0
T28:Queimadura e Corrosao de Outros Orgaos Internos;2.0
T29:Queimaduras e Corrosoes de Multiplas Regioes do Corpo;327.0
T30:Queimadura e Corrosao, Parte Nao Especificada do Corpo;388.0
T31:Queimaduras Classificadas Segundo a Extensao  da Superficie Corporal Atingida;71.0
T32:Corrosoes Classificadas Segundo a Extensao  da Superficie Corporal Atingida;3.0
T33:Geladura Superficial;2.0
T34:Geladura com Necrose de Tecidos;4.0
T44:Intoxicacao por Drogas Que Afetam Principalmente O Sistema Nervoso Autonomo;1.0
T53:Efeito Toxico de Derivados Halogenicos de Hidrocarbonetos Alifaticos e Aromaticos;1.0
T54:Efeito Toxico de Corrosivos;3.0
T56:Efeito Toxico de Metais;9.0
T60:Efeito Toxico de Pesticidas;1.0
T63:Efeito Toxico de Contato com Animais Venenosos;12.0
T67:Efeitos do Calor e da Luz;1.0
T69:Outros Efeitos da Temperatura Reduzida;1.0
T70:Efeitos da Pressao  Atmosferica e da Pressao da Agua;3.0
T75:Efeitos de Outras Causas Externas;17.0
T78:Efeitos Adversos Nao Classificados  em Outra Parte;4.0
T79:Algumas Complicacoes Precoces dos Traumatismos Nao Classificadas em Outra Parte;16.0
T81:Complicacoes de Procedimentos Nao Classificadas em Outra Parte;14.0
T84:Complicacoes de Dispositivos Proteticos, Implantes e Enxertos Ortopedicos Internos;23.0
T85:Complicacoes de Outros Dispositivos Proteticos, Implantes e Enxertos Internos;1.0
T87:Complicacoes Proprias de Reimplante e Amputacao;24.0
T88:Outras Complicacoes de Cuidados Medicos e Cirurgicos Nao Classificadas em Outra Parte;5.0
T90:Sequelas de Traumatismo da Cabeca;89.0
T91:Sequelas de Traumatismos do Pescoco e do Tronco;51.0
T92:Sequelas de Traumatismos do Membro Superior;515.0
T93:Sequelas de Traumatismos do Membro Inferior;433.0
T94:Sequelas de Traumatismos Envolvendo Multiplas Regioes do Corpo e as Nao Especificadas;15.0
T95:Sequelas de Queimaduras, Corrosoes e Geladuras;22.0
T98:Sequelas de Outros Efeitos de Causas Externas e dos Nao Especificados;87.0
Capítulo XX: Causas externas de morbidade e de mortalidade (V01-Y98);596.0
V01:Pedestre Traumatizado em Colisao com Um Veiculo a Pedal;2.0
V02:Pedestre Traumatizado em Colisao com Um Veiculo a Motor de Duas ou Tres Rodas;3.0
V03:Pedestre Traumatizado em Colisao com Um Automovel [Carro],  Pick Up  ou Caminhonete;2.0
V04:Pedestre Traumatizado em Colisao com Um Veiculo de Transporte Pesado ou com Um Onibus;1.0
V09:Pedestre Traumatizado em Outros Acidentes de Transporte e em Acidentes de Transporte Nao Especificados;7.0
V10:Ciclista Traumatizado em Colisao com Um Pedestre ou Um Animal;1.0
V11:Ciclista Traumatizado em Colisao com Outro Veiculo a Pedal;1.0
V18:Ciclista Traumatizado em Um Acidente de Transporte sem Colisao;1.0
V19:Ciclista Traumatizado em Outros Acidentes de Transporte e em Acidentes de Transporte Nao Especificados;3.0
V20:Motociclista Traumatizado em Colisao com Um Pedestre ou Um Animal;2.0
V22:Motociclista Traumatizado em Colisao com Um Veiculo a Motor de Duas ou Tres Rodas;3.0
V23:Motociclista Traumatizado em Colisao com Um Automovel [Carro],  Pick Up  ou Caminhonete;17.0
V24:Motociclista Traumatizado em Colisao com Um Veiculo de Transporte Pesado ou Um Onibus;1.0
V26:Motociclista Traumatizado em Colisao com Outro Veiculo Nao-Motorizado;1.0
V27:Motociclista Traumatizado em Colisao com Um Objeto Fixo ou Parado;2.0
V28:Motociclista Traumatizado em Um Acidente de Transporte sem Colisao;20.0
V29:Motociclista Traumatizado em Outros Acidentes de Transporte e em Acidentes de Transporte Nao Especificados;67.0
V39:Ocupante de Um Triciclo Motorizado Traumatizado em Outros Acidentes de Transporte e em Acidentes de Transporte Nao Especificados;8.0
V42:Ocupante de Um Automovel [Carro] Traumatizado em Colisao com Outro Veiculo a Motor de Duas ou Tres Rodas;1.0
V43:Ocupante de Um Automovel [Carro] Traumatizado em Colisao com Um Automovel [Carro],  Pick Up  ou Caminhonete;1.0
V44:Ocupante de Um Automovel [Carro] Traumatizado em Colisao com Um Veiculo de Transporte Pesado ou Um Onibus;1.0
V49:Ocupante de Um Automovel [Carro] Traumatizado em Outro Acidentes de Transporte e em Acidentes de Transporte Nao Especificados;3.0
V64:Ocupante de Um Veiculo de Transporte Pesado Traumatizado em Colisao com Um Outro Veiculo de Transporte Pesado ou Um Onibus;1.0
V67:Ocupante de Um Veiculo de Transporte Pesado Traumatizado em Colisao com Um Objeto Fixo ou Parado;1.0
V68:Ocupante de Um Veiculo de Transporte Pesado Traumatizado em Um Acidente de Transporte sem Colisao;2.0
V69:Ocupante de Um Veiculo de Transporte Pesado Traumatizado em Outros Acidentes de Transporte Nao Especificados;1.0
V77:Ocupante de Um Onibus Traumatizado em Colisao com Um Objeto Fixo ou Parado;1.0
V78:Ocupante de Um Onibus Traumatizado em Um Acidente de Transporte sem Colisao;1.0
V79:Ocupante de Um Onibus Traumatizado em Outros Acidentes de Transporte e em Acidentes de Transporte Nao Especificados;1.0
V87:Acidente de Transito de Tipo Especificado, Mas Sendo Desconhecido O Modo de Transporte da Vitima;22.0
V89:Acidente com Um Veiculo a Motor ou Nao-Motorizado, Tipo(s) de Veiculo(s) Nao Especificado (s);31.0
V98:Outros Acidentes de Transporte Especificados;2.0
V99:Acidente de Transporte Nao Especificado ;3.0
W01:Queda no Mesmo Nivel por Escorregao, Tropecao ou Passos em Falsos [Traspes];8.0
W03:Outras Quedas no Mesmo Nivel por Colisao com ou Empurrao por Outra Pessoa;1.0
W08:Queda de Outro Tipo de Mobilia;1.0
W10:Queda em ou de Escadas ou Degraus;9.0
W11:Queda em ou de Escadas de Mao;3.0
W12:Queda em ou de Um Andaime;1.0
W13:Queda de ou para Fora de Edificios ou Outras Estruturas;5.0
W17:Outras Quedas de Um Nivel a Outro;8.0
W18:Outras Quedas no Mesmo Nivel;4.0
W19:Queda sem Especificacao;15.0
W20:Impacto Causado por Objeto Lancado, Projetado ou em Queda;3.0
W21:Impacto Acidental Ativo ou Passivo Causado por Equipamento Esportivo;2.0
W22:Impacto Acidental Ativo ou Passivo Causado por Outros Objetos;2.0
W23:Apertado, Colhido, Comprimido ou Esmagado Dentro de ou Entre Objetos;7.0
W25:Contato com Vidro Cortante;1.0
W31:Contato com Outras Maquinas e com as Nao Especificadas;1.0
W32:Projetil de Revolver;1.0
W34:Projeteis de Outras Armas de Fogo e das Nao Especificadas;4.0
W35:Explosao ou Ruptura de Caldeira;2.0
W40:Explosao de Outros Materiais;1.0
W44:Penetracao de Corpo Estranho no ou Atraves de Olho ou Orificio Natural;5.0
W45:Penetracao de Corpo ou Objeto Estranho Atraves da Pele;21.0
W50:Golpe, Pancada, Pontape, Mordedura ou Escoriacao Infligidos por Outra Pessoa;3.0
W54:Mordedura ou Golpe Provocado por Cao;20.0
W55:Mordedura ou Golpe Provocado por Outros Animais Mamiferos;5.0
W57:Mordeduras e Picadas de Inseto e de Outros Artropodes, Nao-Venenosos;1.0
W59:Mordedura ou Esmagamento Provocado por Outros Repteis;1.0
W60:Contato com Espinhos de Plantas ou com Folhas Agucadas;2.0
W85:Exposicao a Linhas de Transmissao de Corrente Eletrica;1.0
W86:Exposicao a Outra Corrente Eletrica Especificada;3.0
W87:Exposicao a Corrente Eletrica Nao Especificada;65.0
X12:Contato com Outros Liquidos Quentes;1.0
X20:Contato com Serpentes e Lagartos Venenosos;19.0
X21:Contato com Aranhas Venenosas;8.0
X22:Contato com Escorpioes;1.0
X23:Contato com Abelhas, Vespas e Vespoes;1.0
X27:Contato com Outros Animais Venenosos Especificados;2.0
X29:Contato com Animais ou Plantas Venenosos, sem Especificacao;4.0
X36:Vitima de Avalanche, Desabamento de Terra e Outros Movimentos da Superficie Terrestre;1.0
X47:Intoxicacao Acidental por e Exposicao a Outros Gases e Vapores;3.0
X48:Envenenamento [Intoxicacao] Acidental por e Exposicao a Pesticidas;4.0
X49:Envenenamento [Intoxicacao] Acidental por e Exposicao a Outras Substancias Quimicas Nocivas e as Nao Especificadas;3.0
X90:Agressao  por Meio de Produtos Quimicos e Substancias Nocivas Nao Especificados;4.0
X93:Agressao  por Meio de Disparo de Arma de Fogo de Mao;36.0
X94:Agressao  por Meio de Disparo de Espingarda, Carabina ou Arma de Fogo de Maior Calibre;1.0
X95:Agressao  por Meio de Disparo de Outra Arma de Fogo ou de Arma Nao Especificada;4.0
X98:Agressao  por Meio de Vapor de Agua, Gases ou Objetos Quentes;1.0
X99:Agressao  por Meio de Objeto Cortante ou Penetrante;14.0
Y03:Agressao  por Meio de Impacto de Um Veiculo a Motor;2.0
Y04:Agressao  por Meio de Forca Corporal;9.0
Y09:Agressao  por Meios Nao Especificados;1.0
Y19 - Envenenamento [intoxicacao] por e exposicao a outros produtos químicos e substâncias nocivas e aos nao especificados, intencao nao determinada;1.0
Y24:Disparo de Outra Arma de Fogo e de Arma de Fogo Nao Especificada, Intencao  Nao Determinada ;2.0
Y28:Contato com Objeto Cortante ou Penetrante, Intencao  Nao Determinada ;10.0
Y32:Impacto de Um Veiculo a Motor, Intencao  Nao Determinada ;2.0
Y83:Reacao Anormal em Paciente ou Complicacao Tardia, Causadas por Intervencao Cirurgica e por Outros Atos Cirurgicos, sem Mencao de Acidente Durante a In;26.0
Y85:Sequelas de Acidentes de Transporte;2.0
Y86:Sequelas de Outros Acidentes;5.0
Y89:Sequelas de Outras Causas Externas;5.0
Y96:Circunstancia Relativa as Condicoes de Trabalho;4.0
Capítulo XXI: Fatores que influenciam o estado de saúde e o contato com os servicos de saúde (Z00-Z99);506.0
Z00:Exame Geral e Investigacao de Pessoas sem Queixas ou Diagnostico Relatado;2.0
Z02:Exame Medico e Consulta com Finalidades Administrativas;14.0
Z03:Observacao e Avaliacao Medica por Doencas e Afeccoes Suspeitas;60.0
Z04:Exame e Observacao por Outras Razoes;45.0
Z09:Exame de Seguimento Após Tratamento de Outras Afeccoes Que Nao Neoplasias Malignas;1.0
Z20:Contato com e Exposicao a Doencas Transmissiveis;2.0
Z30:Anticoncepcao;1.0
Z41:Procedimentos para Outros Propositos Exceto Cuidados de Saude;3.0
Z47:Outros Cuidados de Seguimento Ortopedico;11.0
Z48:Outro Seguimento Cirurgico;14.0
Z50:Cuidados Envolvendo O Uso de Procedimentos de Reabilitacao;1.0
Z51:Outros Cuidados Medicos;2.0
Z53:Pessoas em Contato com Servicos de Saude para Procedimentos Especificos Nao Realizados;23.0
Z56:Problemas Relacionados com O Emprego e com O Desemprego;16.0
Z57 - Exposicao ocupacional a fatores de risco;1.0
Z60:Problemas Relacionados com O Meio Social;1.0
Z63:Outros Problemas Relacionados com O Grupo Primario de Apoio, Inclusive com a Situacao Familiar;1.0
Z65:Problemas Relacionados com Outras Circunstancias Psicossociais;17.0
Z73:Problemas Relacionados com a Organizacao de Seu Modo de Vida;247.0
Z75:Problemas Relacionados com as Facilidades Medicas e Outros Cuidados de Saude;1.0
Z76:Pessoas em Contato com Os Servicos de Saude em Outras Circunstancias;1.0
Z93:Orificios Artificiais;4.0
Z94:Orgaos e Tecidos Transplantados;7.0
Z98:Outros Estados Pos-Cirurgicos;31.0
999:Ignorada;3555.0
0;0.0
0;0.0
Fonte: Dataprev, SinteseWeb.;0.0
Elaboracao: Coordenacao-Geral de Benefícios de Risco e Reabilitacao Profissional - CGBRP/SRGPS/SPREV/MTP;0.0
Nota: Dados preliminares, sujeitos à revisao.;0.0
Obs1.: Esta tabela apresenta somente os códigos CID10 que tiveram registros de benefícios concedidos no ano 2021.;0.0
OBs2.: Os valores concedidos totais nao sao iguais ao total concedido, porque há concessoes em que nao há informacao de CID (judicial, por exemplo) ou CNAE;0.0
